"time_s1.0"	"time_b1.0"	"time_s1.1"	"time_b1.1"	"mean_conntime"	"stdev_conntime"	"mean_reqtime"	"stdev_reqtime"	"time_addit"	"ser_1.1"	"burst_1.1"	"getall"	"http_vers"	"conn_b1.1"	"conn_s1.1"	"servers"	"size"	"retrieved"	"objects"	"size_ob1"
8.196	5.888	15.845	11.254	0.157	0.08	0.317	0.515	0.286	15.638	10.924	11.584	1.1	1	2	1	105461	11	11	6828
9.834	11.732	6.815	1.765	0.401	0.822	0.231	0.08	0.343	6.549	1.668	1.862	1	3	0	1	19979	15	15	9924
2.138	3.896	1.868	3.921	0.118	0.008	0.134	0.036	0	1.78	3.848	3.994	1.1	1	1	1	6852	2	2	466
1.952	4.665	5.163	0.527	0.15	0.033	0.181	0.096	0.03	4.997	0.448	0.606	1	2	0	1	13055	4	4	1692
1.989	1.198	1.85	0.745	0.168	0.038	0.224	0.055	0	1.66	0.587	0.903	1.1	1	1	1	5714	5	5	1613
25.693	9.396	9.505	8.754	1.518	1.342	1.392	1.48	4.029	9.429	8.682	8.826	1.1	1	1	1	54186	5	5	3943
14.252	1.473	3.714	1.473	2.362	1.752	2.379	3.452	0	3.376	1.174	1.772	1.1	1	1	1	4527	3	3	542
14.501	4.928	17.372	19.703	0.433	1.58	0.2	0.298	0.122	17.339	19.666	19.74	1.1	1	2	2	122056	17	18	6109
5.564	9.827	1.688	1.312	0.108	0.084	0.111	0.041	0.227	1.544	1.16	1.464	1.1	1	1	1	22758	3	3	4954
11.169	2.148	2.336	2.132	0.853	1.339	0.302	0.06	3.448	2.058	1.797	2.467	1.1	1	1	1	18250	6	6	3243
51.446	7.198	9.985	10.356	0.55	0.895	0.762	1.786	31.217	9.706	10.135	10.577	1.1	11	2	2	59521	14	16	11742
11.778	9.499	14.337	6.416	0.271	0.081	0.34	0.098	0.626	14.088	6.145	6.687	1.1	1	1	1	171344	8	8	8175
4.552	5.612	2.798	2.698	0.067	0.021	0.071	0.022	0.52	2.737	2.621	2.775	1.1	1	1	2	99798	21	22	24757
2.214	1.167	17.988	16.925	0.127	0.031	0.129	0.013	0.149	17.872	16.712	17.138	1.1	1	2	1	45239	4	4	4421
3.055	4.057	2.196	2.294	0.079	0.033	0.093	0.037	0.114	2.145	2.219	2.369	1.1	1	1	1	23683	16	16	3193
10.895	4.535	8.434	5.32	0.297	0.094	0.858	1.369	0.357	4.993	4.981	5.659	1.1	1	1	1	18250	6	6	3243
6.121	10.091	7.705	2.167	0.229	0.073	0.255	0.078	0.216	7.601	1.932	2.402	1.1	1	1	1	44326	10	10	4912
5.846	2.654	19.727	17.545	0.051	0.023	0.061	0.033	0.247	19.594	17.52	17.57	1.1	1	2	1	80821	27	27	20978
9.94	4.967	9.536	4.303	0.21	0.068	0.224	0.053	0.583	9.309	4.165	4.441	1.1	1	1	1	62829	14	14	9148
10.013	2.769	2.217	0.914	0.662	1.895	0.15	0.137	0.375	2.148	0.784	1.044	1.1	1	1	1	42412	11	11	8095
80.197	20.643	42.602	28.599	0.854	1.981	1.706	5.514	4.798	38.918	28.345	28.853	1.1	1	2	1	91438	20	20	8256
23.33	17.547	10.182	8.273	0.447	0.107	4.188	2.768	0.025	9.761	7.927	8.619	1.1	1	1	1	10992	5	5	1658
8.511	13.296	13.21	14.396	0.333	0.058	2.156	1.447	0.368	12.947	14.045	14.747	1.1	1	2	1	13941	3	3	3637
21.548	3.726	4.475	1.286	0.134	0.056	0.172	0.042	0.717	4.37	1.197	1.375	1.1	2	0	5	103669	6	19	11379
23.067	8.191	7.88	1.401	0.207	0.095	0.203	0.031	0.279	7.659	1.213	1.589	1.1	1	1	1	32936	3	3	4276
2.69	1.254	1.257	1.275	0.086	0.088	0.122	0.047	0.454	1.219	1.025	1.525	1.1	1	1	1	47331	5	5	5307
15.683	2.179	14.883	5.213	0.233	0.137	1.008	2.852	0.333	14.753	4.845	5.581	1.1	2	2	2	30378	12	14	12488
16.037	13.156	12.554	13.489	0.257	0.048	0.22	0.036	1.039	12.383	13.27	13.708	1.1	6	2	1	39467	8	8	9494
4.231	7.713	6.495	4.009	0.154	0.082	0.193	0.094	0.688	6.174	3.677	4.341	1.1	7	1	2	46830	10	16	35632
30.495	8.611	11.283	14.677	1.214	1.443	0.607	0.823	0.247	10.99	14.165	15.189	1.1	4	4	1	32130	16	16	3338
14.923	4.406	8.646	5.108	0.187	0.057	0.199	0.067	0.714	8.41	4.957	5.259	1.1	1	1	1	76252	33	33	20397
2.123	2.758	1.676	1.527	0.452	0.036	0.609	0.167	0	1.18	1.135	1.919	1.1	1	1	2	2639	2	3	1402
13.881	20.371	12.328	11.438	0.34	0.052	0.351	0.043	3.987	8.766	11.087	11.789	1.1	1	1	1	58230	8	8	8486
25.729	12.165	32.658	45.794	0.376	0.148	0.435	0.151	4.899	32.307	45.344	46.244	1.1	8	2	1	44838	18	18	9145
89.114	24.376	17.308	20.492	0.673	1.165	0.574	1.042	0.611	17.149	20.308	20.676	1.1	2	2	1	81443	29	29	9273
7.213	3.068	17.745	17.135	0.19	0.011	0.256	0.022	0	17.499	17.03	17.24	1.1	1	2	1	26532	3	3	976
25.621	8.597	11.797	13.282	0.272	0.523	0.286	0.534	3.084	11.695	9.887	16.677	1.1	2	2	2	86531	38	40	37831
10.894	3.062	13.138	1.651	0.151	0.073	0.193	0.091	0.477	12.976	1.511	1.791	1.1	1	6	1	40073	28	28	9016
7.823	1.85	2.729	1.887	0.183	0.097	0.135	0.062	0.825	2.655	1.826	1.948	1.1	2	2	1	82656	17	17	25516
1.067	0.593	0.772	0.595	0.073	0.033	0.094	0.047	0.177	0.667	0.499	0.691	1.1	1	1	1	13795	3	3	1912
16.353	6.752	9.549	9.89	0.264	0.09	0.281	0.091	0.646	9.243	9.574	10.206	1.1	3	1	1	53971	5	5	5393
3.481	1.536	5.152	1.454	0.252	0.045	0.472	0.371	0.003	4.883	1.313	1.595	1.1	1	1	1	9176	3	3	600
4.229	0.432	0.574	0.543	0.103	0.04	0.954	1.714	0	0.491	0.395	0.691	1.1	1	1	1	5770	4	4	784
1.462	1.428	1.176	4.323	0.108	0.035	0.136	0.043	0.209	0.995	0.594	8.052	1.1	1	1	1	5978	3	3	1862
4.958	4.279	11.491	4.994	0.073	0.077	0.068	0.07	0.811	11.22	4.746	5.242	1.1	1	1	1	76964	28	28	38610
4.257	8.216	3.693	2.468	0.346	0.101	0.374	0.082	0	3.423	2.192	2.744	1.1	1	1	1	27261	3	3	961
3.982	3.453	1.624	1.53	0.24	0.023	0.81	0.29	0.5	1.465	1.362	1.698	1.1	1	1	3	13215	3	7	7468
9.042	6.193	5.629	7.63	0.185	0.077	0.202	0.074	0.394	5.446	7.477	7.783	1.1	2	1	1	56214	4	4	3378
2.174	5.216	1.846	0.984	0.199	0.043	0.22	0.094	0.127	1.591	0.832	1.136	1.1	1	1	1	16519	3	3	2932
3.337	1.799	2.158	2.168	0.337	0.126	0.382	0.069	0	1.808	1.822	2.514	1.1	1	1	1	14291	3	3	1535
8.243	4.846	20.439	31.981	0.238	0.047	0.294	0.054	0.739	20.17	31.656	32.306	1.1	1	2	1	40683	8	8	4844
16.468	34.459	31.655	32.382	0.275	0.086	1.169	1.71	0.323	31.392	32.117	32.647	1.1	6	2	1	21056	8	8	4412
1.569	1.055	0.752	0.802	0.197	0.05	0.181	0.011	0	0.641	0.693	0.911	1.1	1	1	1	11720	3	3	777
23.825	16.33	12.169	5.563	0.465	0.837	0.479	0.837	1.075	11.938	5.435	5.691	1.1	1	1	1	78551	13	13	13149
9.467	11.907	8.23	7.709	0.275	0.072	2.316	2.907	0	7.896	7.29	8.128	1.1	1	1	2	27442	3	4	2315
21.583	8.604	27.378	20.832	0.378	0.731	0.237	0.048	2.934	27.083	20.586	21.078	1.1	1	2	1	50660	21	21	15699
5.489	7.854	8.795	9.943	0.303	0.061	1.333	1.733	0	8.484	9.628	10.258	1.1	1	1	1	12407	3	3	2570
5.484	4.439	8.521	27.765	0.28	0.048	0.285	0.087	0.039	7.891	17.527	38.003	1.1	2	0	1	10025	8	8	1878
4.935	5.442	15.442	2.73	0.234	0.044	0.984	1.418	0	15.164	2.573	2.887	1	2	0	1	5388	4	4	777
12.249	17.751	7.54	8.23	0.268	0.03	0.274	0.047	0.626	7.286	7.946	8.514	1.1	1	1	1	62365	4	4	4434
14.121	13.021	3.504	2.009	1.156	2.412	0.532	0.168	0.251	3.224	1.835	2.183	1.1	1	1	1	17814	7	7	2353
6.903	4.298	3.616	1.824	0.205	0.088	0.324	0.013	0	3.463	1.71	1.938	1.1	1	1	1	39731	2	2	807
6.934	9.043	1.361	1.062	0.376	0.087	0.419	0.056	0	1.087	0.896	1.228	1.1	1	1	1	8861	3	3	1637
84.733	16.32	70.553	48.007	0.786	1.531	0.983	2.004	3.172	70.34	47.652	48.362	1.1	2	2	1	36481	23	23	10614
4.774	4.061	0.531	0.502	0.133	0.045	0.972	0.98	0.023	0.489	0.449	0.555	1.1	3	2	1	9450	4	4	971
28.123	17.768	16.516	3.324	0.447	0.12	0.786	1.058	3.641	16.134	2.87	3.778	1.1	1	3	1	18085	7	7	4047
31.866	13.688	15.533	15.491	0.364	0.12	0.393	0.107	5.18	15.048	15.252	15.73	1.1	1	1	1	57798	16	16	20160
2.801	6.034	1.704	3.853	0.262	0.094	0.27	0.102	0.403	1.489	3.752	3.954	1.1	1	1	1	38629	3	3	4579
5.496	1.663	2.565	1.286	0.289	0.057	0.304	0.052	0.001	2.366	1.18	1.392	1.1	1	1	1	26224	7	7	1702
7.145	4.517	5.188	4.045	0.279	0.051	0.704	1.247	0.266	4.946	3.824	4.266	1.1	1	1	1	6708	7	7	4844
3.667	1.267	2.1	0.866	0.05	0.022	0.074	0.019	0.221	2.066	0.831	0.901	1.1	1	1	1	74411	22	22	20073
35.807	17.236	16.249	11.89	0.989	2.208	0.493	0.719	3.413	15.92	11.712	12.068	1.1	2	2	1	77506	18	18	21682
5.991	3.064	5.578	2.099	0.308	0.03	0.326	0.036	0.334	5.309	1.831	2.367	1	2	0	1	12581	5	5	1517
10.483	5.565	22.675	22.369	0.317	0.027	0.335	0.023	0	22.413	22.011	22.727	1	6	0	1	45998	7	7	2229
2.076	4.38	1.158	4.285	0.274	0.031	0.312	0.037	0.284	0.962	4.011	4.559	1.1	1	1	1	6852	3	3	3381
12.63	25.671	7.16	6.842	0.26	0.039	0.266	0.055	0.28	6.828	6.595	7.089	1.1	1	1	1	78730	6	6	6934
41.662	13.765	13.842	7.914	0.207	0.06	0.623	1.716	6.183	13.612	7.75	8.078	1.1	1	1	1	95779	30	30	28580
14.949	6.618	8.213	3.193	0.274	0.035	0.282	0.048	1.526	7.938	2.925	3.461	1.1	1	1	1	59262	19	19	24702
7.677	2.517	21.171	18.337	0.079	0.043	0.09	0.03	0.339	21.144	18.313	18.361	1.1	1	2	1	150841	22	22	10533
4.882	1.625	2.359	4.967	0.094	0.031	0.118	0.049	0.26	2.268	4.827	5.107	1.1	8	1	1	26031	13	13	4147
11.063	6.721	1.15	4.214	3.51	4.555	0.337	0.1	0	0.845	3.92	4.508	1.1	1	1	1	11333	2	2	849
35.623	34.209	59.057	55.884	1.211	2.735	0.747	0.854	0.55	58.918	55.596	56.172	1.1	1	1	1	47146	9	9	2344
13.411	3.582	5.409	3.73	0.188	0.069	0.2	0.051	0.625	5.31	3.585	3.875	1.1	2	2	2	100496	29	30	25991
29.736	10.044	13.278	4.675	0.359	0.606	0.253	0.059	11.603	12.971	4.56	4.79	1.1	1	1	1	61792	29	29	23267
19.336	3.935	25.346	21.801	0.183	0.056	0.219	0.091	4.097	25.284	21.642	21.96	1.1	1	2	2	88138	27	30	28180
7.806	3.604	4.737	3.558	0.142	0.045	0.154	0.047	0.151	4.622	3.421	3.695	1.1	1	1	1	153035	12	12	4953
2.167	1.811	1.455	3.646	0.285	0.057	0.242	0.075	0	1.205	3.408	3.884	1.1	1	1	1	13157	3	3	597
7.947	1.699	1.315	1.756	3.302	4.285	0.305	0.177	0.421	1.003	1.384	2.128	1.1	1	1	1	3838	2	2	2443
3.257	1.864	2.478	3.798	0.124	0.053	0.171	0.046	0.947	2.342	3.662	3.934	1.1	5	2	5	35826	7	42	21151
37.486	40.438	28.172	21.789	0.641	0.886	0.678	0.727	1.526	27.811	21.484	22.094	1.1	1	2	1	62574	15	15	10325
69.62	19.854	14.068	5.419	1.646	2.258	1.113	1.292	0.627	13.741	5.311	5.527	1.1	1	1	1	50728	20	20	6123
42.064	7.993	8.812	14.786	0.544	0.882	0.972	1.357	1.516	8.642	14.549	15.023	1.1	8	1	1	64831	15	15	18294
1.438	1.418	1.459	1.222	0.107	0.051	0.116	0.068	0.541	1.281	1.091	1.353	1.1	1	1	2	30777	3	4	22094
5.43	1.783	5.313	3.216	0.093	0.029	0.192	0.044	0.173	5.251	3.159	3.273	1.1	7	0	1	50968	15	15	3317
1.265	0.554	0.588	0.507	0.112	0.031	0.104	0.014	0.007	0.493	0.422	0.592	1.1	1	1	1	13408	4	4	2404
2.982	1.377	1.795	2.611	0.05	0.021	0.054	0.019	0.345	1.763	2.536	2.686	1.1	12	1	2	41085	19	20	20163
0.941	0.606	0.466	0.495	0.046	0.009	0.078	0.034	0	0.428	0.454	0.536	1.1	1	1	1	37897	3	3	850
0.364	0.254	0.358	0.614	0.033	0.007	0.043	0.009	0.137	0.336	0.577	0.651	1.1	2	2	3	19411	3	5	17129
10.854	3.177	20.719	18.359	0.207	0.056	0.215	0.046	0.763	20.6	18.271	18.447	1.1	1	2	1	135308	11	11	10067
11.584	1.668	10.749	4.516	0.395	1.35	0.099	0.058	0.345	10.673	4.45	4.582	1.1	14	2	1	61846	20	20	19675
1.037	0.707	0.466	0.213	0.085	0.014	0.075	0.031	0	0.364	0.187	0.239	1.1	1	1	1	14845	5	5	1407
11.491	14.52	4.855	2.173	0.124	0.029	0.215	0.083	0.696	4.744	2.055	2.291	1.1	1	1	1	103706	19	19	20199
0.894	0.645	0.616	0.436	0.05	0.015	0.078	0.004	0.122	0.583	0.401	0.471	1.1	1	1	1	33101	2	2	1987
2.308	2.092	1.826	2.442	0.101	0.011	0.099	0.016	0.212	1.728	2.254	2.63	1.1	2	1	1	90916	3	3	3257
7.684	3.069	19.199	17.662	0.17	0.05	0.182	0.028	0.327	19.058	17.524	17.8	1.1	1	2	1	38059	12	12	3485
10.372	3.57	4.514	2.017	0.127	0.021	0.119	0.02	0.615	4.357	1.922	2.112	1.1	3	2	1	99569	21	21	14555
1.183	0.786	0.69	0.735	0.168	0.027	0.181	0.054	0	0.54	0.581	0.889	1.1	1	1	1	5678	3	3	1424
17.357	19.778	21.081	14.023	0.236	0.033	0.205	0.039	0.491	20.928	13.871	14.175	1.1	1	1	1	259076	8	8	4936
3.999	32.003	17.096	16.102	0.117	0.027	0.142	0.022	0.307	17.003	16.013	16.191	1.1	1	2	1	31775	9	9	7664
2.844	1.244	1.354	1.309	0.161	0.017	0.17	0.016	0	1.221	1.153	1.465	1.1	1	1	1	29938	5	5	1873
1.766	1.381	1.331	1.044	0.1	0.022	0.138	0.016	0.088	1.239	0.94	1.148	1.1	1	1	1	46088	4	4	3696
2.138	1.063	1.165	1.229	0.203	0.02	0.187	0.015	0.164	0.986	1.041	1.417	1.1	1	1	1	6458	4	4	1128
2.507	1.123	34.706	16.919	0.126	0.023	0.176	0.054	0.177	34.594	16.814	17.024	1.1	1	2	1	10042	7	7	3642
6.584	5.026	4.768	2.688	0.229	0.051	0.256	0.042	0.267	4.58	2.47	2.906	1.1	1	1	1	56996	8	8	3391
0.583	0.609	0.431	0.436	0.105	0.005	0.115	0.002	0.143	0.331	0.349	0.523	1.1	1	1	3	3525	2	4	3338
1.208	1.221	0.967	0.7	0.09	0.023	0.261	0.139	0.035	0.908	0.639	0.761	1.1	1	1	1	7941	3	3	1727
0.413	0.221	0.446	0.205	0.026	0.012	0.061	0.012	0	0.421	0.173	0.237	1.1	1	1	1	6492	4	4	1366
30.651	6.136	14.224	6.909	0.333	0.709	0.194	0.064	3.532	13.987	6.737	7.081	1.1	1	1	2	82414	42	49	31508
2.259	1.43	1.093	0.971	0.121	0.021	0.116	0.003	0.347	0.992	0.866	1.076	1.1	1	1	2	27812	4	8	6723
14.338	5.865	6.872	13.533	0.502	0.908	0.277	0.018	0.622	6.605	13.279	13.787	1.1	10	2	2	51115	15	16	10260
24.695	5.193	29.811	19.956	0.627	0.882	1.165	1.215	4.008	29.473	19.821	20.091	1.1	1	2	4	72831	10	14	22300
17.467	5.655	7.216	4.081	0.147	0.055	0.137	0.048	0.462	7.123	3.965	4.197	1.1	2	2	2	176316	45	46	24465
2.207	0.884	1.393	3.05	0.038	0.02	0.038	0.023	0.092	1.351	3.019	3.081	1.1	1	1	1	66250	22	22	9758
4.986	5.181	2.87	1.705	0.039	0.026	0.054	0.021	0.184	2.809	1.677	1.733	1.1	2	2	2	67080	48	50	16110
10.16	5.268	1.645	1.351	0.289	0.057	1.573	1.814	0	1.424	1.021	1.681	1.1	1	1	1	10090	5	5	1251
3.362	3.475	2.626	1.024	0.074	0.03	0.09	0.029	0.13	2.564	0.969	1.079	1.1	1	1	1	53840	13	13	4862
11.951	6.324	36.173	33.792	0.243	0.038	0.301	0.237	0.5	36.063	33.529	34.055	1.1	1	2	3	42741	20	22	12006
12.959	1.061	1.948	0.677	0.306	1.256	0.042	0.028	0.088	1.924	0.639	0.715	1.1	2	1	1	94939	24	24	7843
9.928	6.102	4.326	2.18	0.151	0.063	0.159	0.061	3.389	4.15	1.991	2.369	1.1	1	1	1	70936	18	18	14444
2.885	1.027	1.766	0.75	0.051	0.024	0.061	0.021	0.09	1.704	0.701	0.799	1.1	1	1	1	34034	23	23	5761
5.375	1.885	20.021	17.432	0.109	0.026	0.129	0.024	0.399	19.917	17.313	17.551	1.1	1	2	1	65523	15	15	9054
19.273	4.141	22.545	18.78	0.257	0.054	0.344	0.396	0.501	22.358	18.636	18.924	1.1	1	2	1	72552	19	19	6329
15.628	4.938	24.917	19.615	0.21	0.025	0.229	0.021	0.458	24.691	19.418	19.812	1.1	1	2	1	64116	32	32	11944
34.641	16.93	13.808	13.073	0.171	0.057	5.398	0.392	0.274	13.74	12.938	13.208	1.1	2	2	1	58462	6	6	8583
4.767	1.664	4.906	0.985	0.128	0.028	0.13	0.035	0.253	4.769	0.87	1.1	1.1	1	1	1	52475	14	14	6625
3.058	1.055	3.025	0.638	0.069	0.053	0.079	0.034	0.252	2.993	0.588	0.688	1.1	1	1	1	34620	17	17	8954
2.081	1.478	1.588	1.278	0.251	0.013	0.324	0.026	0	1.262	0.953	1.603	1.1	1	1	1	12346	3	3	817
5.147	0.827	1.073	0.683	0.094	0.019	0.697	0.914	0.083	0.966	0.583	0.783	1.1	1	1	1	17935	6	6	3711
2.263	1.698	49.264	18.415	0.111	0.007	0.137	0.058	0.144	49.163	18.319	18.511	1	2	2	1	28121	5	5	2068
0.882	0.62	0.585	0.626	0.119	0.033	0.175	0.021	0	0.482	0.5	0.752	1.1	1	1	1	5986	3	3	1654
1.596	0.787	0.842	1.315	0.076	0.032	0.101	0.035	0.273	0.801	1.215	1.415	1.1	3	1	1	11829	4	4	966
5.443	1.749	19.766	16.126	0.065	0.018	0.093	0.025	0.344	19.711	16.037	16.215	1.1	1	2	2	93308	27	32	16757
28.393	10.802	22.114	21.431	0.222	0.051	0.264	0.107	1.214	21.805	21.226	21.636	1.1	2	2	1	117781	45	45	28170
3.444	4.894	18.825	17.809	0.021	0.022	0.105	0.111	0.199	18.803	17.766	17.852	1.1	1	2	1	61386	12	12	5337
5.415	6.054	19.225	17.721	0.051	0.027	0.08	0.034	0.552	19.179	17.689	17.753	1.1	1	2	1	170354	21	21	41865
2.64	1.629	2.728	1.74	0.25	0.113	0.267	0.079	0.43	2.458	1.485	1.995	1.1	2	0	1	2860	3	3	502
2.247	1.28	1.573	0.905	0.282	0.036	0.279	0.058	0	1.292	0.598	1.212	1.1	1	1	1	5720	4	4	950
10.019	8.172	24.651	17.387	0.195	0.028	0.197	0.038	0.945	24.507	17.362	17.412	1.1	1	2	1	64670	21	21	27951
16.573	8.026	53.371	40.834	0.419	0.808	0.422	0.818	3.103	53.112	40.52	41.148	1.1	2	2	2	34002	16	31	23070
4.936	2.463	3.327	1.7	0.199	0.039	0.233	0.032	0.586	3.157	1.549	1.851	1.1	2	2	1	22191	6	6	3688
11.821	5.79	3.573	8.659	0.182	0.057	0.499	1.071	0.89	3.502	8.449	8.869	1.1	6	1	1	34917	11	11	11815
4.425	4.82	3.948	2.773	0.279	0.029	0.318	0.019	0.049	3.653	2.505	3.041	1.1	1	1	1	25006	5	5	1286
6.955	3.042	24.571	21.021	0.084	0.035	0.104	0.028	0.175	24.507	20.857	21.185	1.1	1	2	1	109372	25	25	5987
13.195	7.185	5.657	7.918	0.217	0.046	0.205	0.049	0.344	5.471	7.795	8.041	1.1	2	2	1	117078	17	17	6306
9.895	3.168	6.86	21.444	0.149	0.066	0.283	0.447	0.355	6.736	21.271	21.617	1.1	14	2	1	64873	19	19	10349
7.003	4.967	3.998	2.856	0.265	0.062	0.323	0.054	0.342	3.689	2.59	3.122	1.1	1	1	1	28292	9	9	3707
8.133	2.418	4.92	8.318	0.162	0.06	0.163	0.067	0.457	4.789	8.084	8.552	1.1	2	1	1	69800	18	18	8130
12.376	1.773	4.259	1.321	0.631	1.75	0.259	0.416	0.285	4.121	1.196	1.446	1.1	1	1	1	39466	13	13	11298
2.826	1.726	1.819	1.501	0.352	0.037	0.368	0.069	0	1.412	1.232	1.77	1.1	1	1	1	12089	3	3	795
0.787	0.628	1.218	0.964	0.154	0.024	0.18	0.01	0.001	1.071	0.781	1.147	1.1	1	1	1	4538	2	2	902
20.797	5.553	21.521	13.772	0.467	0.707	0.927	1.258	2.062	21.228	13.517	14.027	1.1	1	2	2	50452	13	14	29009
10.157	5.973	20.229	23.321	0.277	0.035	1.419	1.951	5.07	19.994	19.975	26.667	1.1	1	2	2	29316	3	44	28557
37.483	12.936	34.208	22.115	0.766	1.094	0.685	0.964	2.114	33.851	21.839	22.391	1.1	1	2	1	78488	20	20	12588
0.877	0.734	0.68	0.535	0.082	0.024	0.129	0.045	0	0.616	0.481	0.589	1.1	1	1	1	19019	3	3	1655
22.865	4.301	7.548	12.216	1.449	1.727	0.822	1.15	0.473	7.335	11.839	12.593	1.1	4	1	1	26327	6	6	1529
19.095	16.563	26.101	19.401	0.412	0.193	0.794	0.1	0.004	25.841	19.061	19.741	1.1	1	1	1	34693	4	4	1538
22.573	44.085	41.401	6.308	0.232	0.049	0.593	1.174	0.58	10.493	6.124	6.492	1.1	1	1	1	65992	24	24	8058
1.434	1.402	0.898	0.616	0.193	0.037	0.16	0.037	0.108	0.692	0.489	0.743	1.1	1	1	1	4443	3	3	1640
13.344	2.58	7.862	2.024	0.222	0.03	0.366	0.471	0.325	7.733	1.902	2.146	1.1	1	1	1	43675	13	13	7440
59.243	38.11	21.515	2.816	1.086	2.294	1.404	5.57	6.356	21.4	2.702	2.93	1.1	1	1	1	127255	19	19	26165
0.824	0.641	0.877	0.765	0.062	0.036	0.063	0.022	0.325	0.829	0.715	0.815	1.1	1	1	2	20187	4	11	18385
18.594	6.304	32.104	23.202	0.103	0.066	0.187	0.228	0.499	31.911	23.106	23.298	1.1	1	2	1	144950	39	39	14163
2.486	1.862	8.671	1.49	0.251	0.049	0.218	0.012	0.282	8.427	1.318	1.662	1.1	2	0	1	8744	3	3	634
6.183	2.563	3.1	1.574	0.195	0.034	0.19	0.035	0.586	2.922	1.435	1.713	1.1	1	1	1	43854	12	12	9776
11.322	4.279	4.835	13.635	0.299	0.075	0.307	0.058	0.888	4.615	13.451	13.819	1.1	9	1	1	40124	11	11	10612
3.228	1.322	2.154	4.683	0.125	0.02	0.122	0.026	0.44	2.068	4.589	4.777	1.1	0	3	1	38796	10	10	19906
9.95	3.075	3.958	3.051	0.229	0.02	0.23	0.015	0.304	3.761	2.852	3.25	1.1	2	2	1	41256	13	13	2206
32.4	10.404	22.616	2.661	0.225	0.023	0.257	0.09	1.134	22.413	2.457	2.865	1.1	1	1	1	62547	63	63	20050
19.398	12.261	11.286	10.673	0.315	0.751	0.148	0.051	0.936	11.176	10.447	10.899	1.1	1	1	2	95851	37	39	26744
39.585	17.006	18.387	12.32	0.597	2.071	0.357	0.71	0.167	18.176	12.198	12.442	1.1	1	3	1	113918	24	24	7448
14.562	6.513	23.262	19.097	0.187	0.054	0.247	0.234	0.716	23.138	18.958	19.236	1.1	1	2	2	52531	31	32	19472
1.987	1.837	17.296	20.938	0.165	0.02	0.158	0.011	0.627	17.135	20.707	21.169	1.1	1	2	1	14102	3	3	9182
0.832	0.462	0.593	0.94	0.049	0.011	0.074	0.015	0.013	0.473	0.788	1.092	1.1	2	1	1	18216	4	4	2705
36.439	35.44	18.199	66.024	0.743	1.703	0.521	0.973	0.929	18.002	65.714	66.334	1.1	18	1	1	52549	26	26	12762
8.384	3.879	26.923	18.348	0.258	0.078	0.586	0.686	0.247	26.62	17.979	18.717	1.1	1	2	1	60439	5	5	3605
11.848	6.202	8.885	2.316	0.178	0.038	0.205	0.054	0.448	8.686	2.125	2.507	1.1	1	1	1	57635	14	14	13400
15.412	5.015	7.795	3.033	0.234	0.026	0.253	0.037	0.804	7.588	2.824	3.242	1	1	1	1	57596	25	25	10064
4.713	8.938	38.048	19.32	0.371	0.065	0.45	0.061	0.468	37.775	18.9	19.74	1.1	1	2	1	12486	4	4	3747
19.932	6.227	14.531	6.894	0.236	0.078	0.224	0.057	17.931	14.308	6.595	7.193	1.1	0	2	3	28466	3	5	23505
5.77	2.277	2.221	1.604	0.174	0.076	0.139	0.04	0.515	2.092	1.514	1.694	1.1	1	1	1	42487	10	10	5436
36.068	34.813	27.835	4.151	0.694	0.873	0.576	0.712	5.727	27.342	3.812	4.49	1.1	1	1	2	53975	22	23	24465
21.062	13.761	8.006	15.486	0.646	1.727	0.424	0.916	0.401	7.875	15.285	15.687	1.1	3	2	1	47377	13	13	7709
9.439	6.812	4.201	5.007	0.171	0.048	0.18	0.048	0.602	4.089	4.835	5.179	1.1	1	1	1	76112	18	18	11725
14.602	11.862	9.678	27.38	0.444	0.044	1.132	1.385	0	9.199	27.077	27.683	1.1	0	1	1	14348	4	4	970
2.856	5.591	1.631	6.36	0.247	0.041	0.244	0.059	0.007	1.367	6.156	6.564	1.1	2	1	1	17067	4	4	2468
0.979	0.849	0.754	0.817	0.165	0.031	0.212	0.044	0	0.605	0.652	0.982	1.1	1	1	1	5490	2	2	955
12.563	8.403	6.88	4.354	0.23	0.023	0.263	0.035	1.161	6.619	4.106	4.602	1.1	1	1	1	54502	12	12	18406
7.539	1.266	0.909	0.846	3.43	4.422	0.323	0.059	0	0.663	0.558	1.134	1.1	1	1	2	3833	2	3	1137
2.198	4.063	2.838	1.229	0.233	0.079	0.306	0.047	0	2.559	0.9	1.558	1.1	1	1	1	10680	3	3	1059
42.61	15.716	34.334	24.418	0.794	1.252	0.451	0.682	0.656	34.084	24.146	24.69	1.1	1	2	1	82047	18	18	8190
1.567	0.854	0.897	0.752	0.187	0.023	0.204	0.021	0	0.743	0.591	0.913	1.1	1	1	2	6820	4	5	1290
68.195	16.396	29.319	15.156	0.875	1.963	0.768	1.198	4.774	29.027	14.922	15.39	1.1	1	1	1	51342	30	30	14609
25.309	12.87	15.603	10.063	0.513	0.769	0.348	0.055	0.663	15.337	9.753	10.373	1.1	2	2	1	107352	15	15	10466
2.84	1.738	2.383	1.397	0.259	0.022	0.238	0.015	0.519	2.204	1.258	1.536	1.1	2	0	1	7118	3	3	750
1.312	3.858	1.576	1.641	0.177	0.028	0.261	0.038	0	1.397	1.407	1.875	1.1	1	1	1	6661	3	3	1418
16.277	6.106	5.397	9.385	0.348	0.044	1.252	1.336	0.43	5.109	9.025	9.745	1.1	1	1	1	47923	6	6	4338
4.402	4.95	0.833	2.378	0.192	0.071	0.218	0.054	0.389	0.613	2.179	2.577	1.1	1	1	1	3988	3	3	830
2.08	1.583	1.79	3.23	0.065	0.026	0.377	0.582	0	1.648	3.15	3.31	1.1	2	2	1	12883	4	4	1071
3.755	3.686	1.81	1.161	0.219	0.116	0.24	0.036	0	1.522	0.973	1.349	1.1	1	1	1	18719	4	4	2696
1.396	1.079	0.979	0.746	0.146	0.049	0.187	0.11	0	0.76	0.597	0.895	1.1	1	1	1	10054	3	3	710
21.172	16.817	52.576	9.038	0.673	1.64	0.494	0.776	2.913	46.061	8.785	9.291	1.1	3	3	1	64189	14	14	24662
7.175	4.736	1.341	11.949	1.75	2.102	0.412	0.125	2.851	1.062	8.581	15.317	1.1	1	1	1	5397	2	2	4371
6.851	1.669	10.166	1.699	0.341	0.034	0.406	0.026	0	9.777	1.302	2.096	1.1	1	1	1	9643	4	4	1501
4.159	3.25	3.102	1.249	0.288	0.124	0.377	0.102	0.354	2.763	0.986	1.512	1.1	2	0	1	21139	3	3	1695
66.508	23.671	7.335	8.874	0.622	0.989	1.934	3.031	3.083	7.131	8.695	9.053	1.1	1	1	2	35839	9	12	8074
2.573	1.885	4.27	6.726	0.185	0.054	0.204	0.042	0.215	4.023	3.749	9.703	1.1	1	1	1	11468	3	3	1843
3.049	0.956	3.805	1.575	0.257	0.051	0.275	0.052	0	3.457	1.23	1.92	1.1	1	1	1	9722	5	5	1123
90.181	22.079	16.726	24.999	0.685	1.179	0.275	0.046	22.972	16.453	24.763	25.235	1.1	1	1	1	151484	17	17	28357
46.023	8.419	9.608	11.079	0.895	1.776	0.717	1.68	7.322	9.288	10.764	11.394	1.1	1	1	1	75959	22	22	12385
7.146	7.214	4.021	3.748	0.238	0.074	0.273	0.077	1.155	3.837	3.627	3.869	1.1	1	1	2	43770	11	13	28825
93.913	21.808	11.999	5.92	1.01	1.498	3.138	5.023	3.245	5.403	5.666	6.174	1.1	1	1	1	93718	8	8	2216
29.905	18.702	8.985	12.247	0.521	0.919	1.556	3.551	3.644	8.746	12.08	12.414	1.1	4	1	1	52087	12	12	5717
0.629	0.641	0.812	0.521	0.073	0.014	0.062	0.006	0.007	0.713	0.463	0.579	1.1	1	1	1	13158	3	3	645
3.605	4.183	1.545	4.039	0.196	0.039	0.813	0.889	0	1.361	0.627	7.451	1.1	1	2	1	12029	3	3	601
26.925	13.265	22.724	13.404	0.39	0.57	0.295	0.21	0.634	22.501	13.273	13.535	1.1	1	1	2	143336	29	30	22595
20.861	29.427	27.579	14.347	0.235	0.068	0.388	0.657	3.078	27.345	14.017	14.677	1.1	1	1	1	86561	25	25	17677
16.566	9.581	7.938	9.708	0.81	1.182	0.289	0.06	0.275	7.638	6.408	13.008	1.1	1	1	1	51151	12	12	3360
28.679	81.118	15.607	50.107	1.842	3.168	0.275	0.044	0	15.311	49.902	50.312	1.1	1	1	1	75239	4	4	1083
2.229	4.322	19.392	8.329	0.24	0.09	0.236	0.082	0.003	19.178	1.717	14.941	1.1	1	1	1	22144	3	3	616
5.194	2.766	5.354	1.634	0.283	0.105	0.269	0.039	0.615	5.17	1.432	1.836	1	2	0	1	30797	6	6	8579
115.318	41.793	41.718	16.625	1.784	1.877	0.928	1.058	1.398	41.266	16.221	17.029	1.1	2	1	1	139642	24	24	14826
3.113	3.907	1.722	3.752	0.207	0.051	0.215	0.042	0	1.489	3.509	3.995	1.1	1	1	1	28141	5	5	2677
20.138	7.448	6.773	2.847	0.189	0.084	0.217	0.072	0.537	6.591	2.537	3.157	1.1	2	1	2	149389	23	24	9112
9.41	15.605	6.025	3.495	0.283	0.033	0.33	0.016	0.468	5.772	3.247	3.743	1.1	1	1	1	44403	2	2	5164
15.27	3.223	3.276	10.165	0.732	1.263	0.295	0.033	0.356	3.044	9.849	10.481	1.1	1	1	1	30547	8	8	3925
24.896	12.688	21.178	9.28	0.347	0.057	0.379	0.112	1.599	20.744	9	9.56	1.1	1	2	3	50691	11	13	25117
16.964	11.039	4.908	3.994	3.148	3.722	2.093	1.751	0	4.006	2.954	5.034	1.1	1	1	1	6526	3	3	806
13.127	18.916	7.205	11.724	1.539	2.063	0.337	0.043	0	6.712	11.327	12.121	1.1	2	1	1	29569	3	3	588
6.318	2.225	19.192	17.996	0.158	0.059	0.149	0.039	0.15	19.13	17.857	18.135	1.1	1	2	1	58034	17	17	5001
6.511	4.779	5.228	8.995	1.155	1.796	0.304	0.04	0	4.943	5.222	12.768	1.1	1	1	1	11939	4	4	855
6.602	2.535	4.123	1.769	0.174	0.058	0.19	0.021	0.149	4.042	1.66	1.878	1.1	1	1	1	67042	4	4	4755
14.779	6.272	6.507	2.134	0.44	0.704	0.294	0.057	0.665	6.13	1.916	2.352	1.1	1	1	1	57807	17	17	13152
37.301	21.144	42.573	24.266	0.505	1.216	0.455	0.656	9.203	42.331	24.114	24.418	1.1	1	2	1	86701	21	21	6430
7.802	2.526	17.403	17.385	3.338	4.37	0.346	0.009	0	17.153	17.103	17.667	1.1	1	1	1	3037	2	2	1327
46.521	24.669	28.049	10.286	0.334	0.557	0.623	1.738	3.442	27.913	10.159	10.413	1.1	2	2	2	137270	35	36	39397
18.835	5.57	9.577	8.487	0.326	0.032	1.216	1.573	0.344	9.242	8.228	8.746	1.1	1	1	1	28736	7	7	3844
68.725	41.404	35.939	29.404	0.261	0.029	2.509	3.197	5.81	35.689	29.191	29.617	1.1	1	2	1	111211	17	17	17349
1.803	1.371	4.095	0.893	0.229	0.058	0.268	0.01	0	3.829	0.675	1.111	1.1	1	1	1	5064	3	3	610
37.635	5.178	3.303	18.554	0.068	0.036	0.55	0.951	7.781	3.242	18.481	18.627	1.1	12	2	1	65399	15	15	11695
40.229	18.268	41.021	25.551	0.641	0.734	0.683	0.691	0.477	40.462	25.153	25.949	1.1	1	1	1	138574	17	17	5193
21.372	5.568	11.092	14.125	0.203	0.052	0.317	0.538	0.895	10.963	13.922	14.328	1.1	1	1	2	112328	36	37	14148
38.744	12.473	46.138	47.872	0.337	0.053	0.967	1.182	1.438	45.916	47.54	48.204	1.1	11	2	1	49588	14	14	10622
2.479	10.963	4.129	5.196	0.338	0.131	0.331	0.052	0.001	3.918	4.949	5.443	1.1	1	1	1	11470	3	3	1526
46.117	19.636	20.982	8.624	0.467	0.663	0.785	1.144	4.148	20.627	8.444	8.804	1.1	1	1	1	78946	22	22	11185
38.799	20.98	23.05	12.6	0.594	0.876	0.467	0.542	1.024	22.678	9.009	16.191	1.1	1	1	1	55820	27	27	9976
26.592	15.739	26.227	26.343	0.253	0.073	0.558	0.969	3.485	26.042	26.164	26.522	1.1	1	2	1	71465	9	9	13599
13.173	3.956	7.266	11.969	0.375	0.05	0.417	0.051	0	6.986	2.645	21.293	1.1	1	1	1	33607	7	7	1149
99.882	33.203	42.833	64.984	1.001	1.969	0.865	1.889	10.204	42.477	64.688	65.28	1.1	2	3	2	108851	45	58	58581
29.526	30.991	15.347	17.987	0.3	0.042	0.814	1.341	0.378	15.075	17.682	18.292	1.1	1	1	1	80128	7	7	3701
12.856	24.067	27.387	2.886	0.279	0.028	0.298	0.061	5.637	27.185	2.713	3.059	1	2	0	3	51333	5	22	36256
14.596	16.37	6.412	7.767	1.471	1.601	0.323	0.079	0	6.115	7.539	7.995	1.1	1	1	1	41131	5	5	1297
7.094	7.142	24.258	21.448	0.176	0.044	0.169	0.065	1.271	24.059	21.264	21.632	1.1	1	2	2	34662	16	17	22253
10.074	4.389	3.606	0.778	4.769	6.405	0.267	0.008	0	3.352	0.547	1.009	1.1	1	1	1	3182	2	2	835
16.671	4.669	15.237	5.415	0.223	0.072	0.701	1.178	2.533	14.999	5.133	5.697	1.1	1	1	1	89702	6	6	3701
27.656	18.278	10.915	20.587	0.232	0.055	0.232	0.06	5.27	10.665	20.399	20.775	1.1	13	1	1	59347	27	27	17304
2.975	1.751	4.917	2.117	0.308	0.058	0.333	0.052	0	4.576	1.747	2.487	1.1	1	1	1	10391	4	4	1012
3.307	2.345	5.858	2.626	0.335	0.06	0.338	0.036	0.381	5.617	2.34	2.912	1.1	2	2	1	24015	3	3	5393
22.985	24.588	30.909	22.527	0.277	0.048	0.495	0.286	2.833	30.652	22.191	22.863	1.1	1	1	1	34840	2	2	912
5.382	3.605	2.103	2.279	0.155	0.043	0.146	0.049	0.373	2.02	2.192	2.366	1.1	2	1	1	72783	7	7	5877
110.521	44.128	28.84	20.21	2.253	3.857	0.614	0.984	2.785	28.546	13.595	26.825	1.1	3	2	3	71141	29	31	18950
5.392	1.982	3.626	1.503	0.097	0.026	0.096	0.026	0.136	3.548	1.427	1.579	1.1	1	1	1	96633	16	16	6088
4.87	5.238	3.093	2.387	0.284	0.09	0.439	0.071	0.274	2.821	2.091	2.683	1.1	1	1	1	14956	5	5	3034
35.396	8.962	32.538	19.959	0.572	1.024	0.309	0.05	5.307	32.231	19.642	20.276	1.1	1	2	1	50932	12	12	8994
97.482	39.403	18.691	11.632	1.141	2.294	0.809	2.094	9.039	18.527	11.538	11.726	1.1	1	1	1	96625	26	26	13235
10.805	2.774	4.618	13.3	0.163	0.037	0.169	0.063	0.462	4.508	13.194	13.406	1.1	15	2	1	70596	28	28	13278
10.966	8.656	2.13	5.72	0.238	0.044	0.216	0.027	0.156	1.978	5.509	5.931	1.1	2	1	1	45692	6	6	3940
13.999	6.455	7.174	7.145	0.167	0.05	0.981	1.522	0.44	6.986	6.975	7.315	1.1	1	1	1	86546	8	8	8196
17.533	12.191	14.605	11.823	0.178	0.056	0.213	0.075	0.597	14.451	11.678	11.968	1.1	1	1	1	137456	34	34	10066
6.293	4.877	9.762	17.55	0.186	0.136	0.291	0.103	0	9.595	17.267	17.833	1.1	2	1	1	10059	3	3	1404
20.004	6.302	6.328	14.029	1.519	2.868	0.254	0.029	4.82	6.137	13.826	14.232	1.1	4	2	1	28965	5	5	5933
5.424	1.683	2.647	1.269	0.11	0.047	0.42	0.528	0.106	2.428	1.122	1.416	1.1	1	1	1	19428	8	8	3648
8.528	6.493	14.803	25.253	0.321	0.051	0.364	0.036	0.684	14.461	24.992	25.514	1.1	6	2	1	58004	8	8	6773
8.721	3.157	5.202	2.315	0.287	0.092	0.251	0.06	0.454	4.843	2.044	2.586	1.1	1	1	1	28053	15	15	8158
12.508	32.812	2.683	12.513	2.079	2.409	3.49	4.423	0	2.455	12.275	12.751	1.1	1	1	1	25769	2	2	414
2.806	4.218	2.409	3.066	0.327	0.093	0.315	0.083	0	2.085	2.558	3.574	1.1	1	1	1	12144	3	3	1299
1.259	4.578	3.755	10.807	0.341	0.018	0.288	0.019	0	3.467	10.442	11.172	1.1	1	1	1	1336	2	2	624
44.503	17.529	44.699	22.37	0.359	0.067	0.369	0.066	5.805	44.275	22.066	22.674	1.1	1	2	1	110496	40	40	14858
4.264	1.354	7.93	0.781	0.192	0.02	0.25	0.035	0	4.447	0.639	0.923	1.1	1	1	1	11276	2	2	1581
15.619	1.661	12.434	7.496	2.173	3.521	0.194	0.106	0.131	12.297	7.311	7.681	1.1	1	1	1	15852	3	3	2899
89.065	45.865	74.671	54.901	0.53	0.124	1.072	1.055	10.88	74.187	54.407	55.395	1.1	1	1	1	206785	17	17	20038
6.105	8.192	2.383	2.478	0.385	0.06	0.393	0.097	0	2.119	2.218	2.738	1.1	2	1	1	20069	6	6	1683
14.638	2.846	6.449	13.917	0.424	1.013	0.111	0.03	1.17	6.35	13.777	14.057	1.1	8	3	1	53812	12	12	12755
31.067	12.704	33.299	33.586	1.055	0.086	1.982	1.87	4.135	32.221	32.872	34.3	1.1	1	2	3	59377	5	31	25607
10.057	5.215	5.352	3.277	0.228	0.045	0.532	0.574	1.194	5.139	3.015	3.539	1.1	1	1	2	11980	10	11	7497
1.587	1.223	0.707	0.732	0.378	0.021	0.416	0.035	0	0.432	0.555	0.909	1.1	1	1	1	2643	2	2	2039
23.663	3.788	11.338	14.363	0.678	0.837	0.622	0.954	0.245	11.128	14.165	14.561	1.1	1	2	1	45608	15	15	4298
26.497	9.226	13.137	7.059	1.576	1.83	9.101	12.558	5.049	9.907	6.802	7.316	1.1	1	1	3	31776	2	31	29599
34.335	6.852	25.417	9.001	0.528	0.914	0.403	0.673	10.149	25.163	8.625	9.377	1.1	2	2	2	61283	24	25	12326
29.731	11.418	27.988	18.406	0.232	0.052	0.356	0.544	3.555	27.792	18.276	18.536	1.1	1	2	4	84161	40	48	54445
29.05	7.92	7.508	4.067	0.864	1.673	0.833	1.588	0.503	7.158	3.885	4.249	1.1	4	4	1	38256	16	16	8945
